Job Title,Location,Job Description,Experience Required
Industry X- Engineering Digitization & PLM Consultant,Various locations,Engineering Digitization & PLM Team Lead/Consultant,Mid-Level
Topic Advisory Manager Tech Strategy & Advisory,Various locations,Topic Advisory Manager,Senior Level
*Data Management - 5447889,Various locations,"Data Eng, Mgmt & Governance Senior Analyst",Mid-Level
Python - Application Developer with Capital Market Experience,"Irving, TX",Software Development Senior Analyst,Mid-Level
Python - Application Developer- 5333681,"Chicago, IL",Software Development Senior Analyst,Mid-Level
Industry X - Engineering Digitization & PLM Manager,Various locations,Engineering Digitization & PLM Manager,Senior Level
Python + Linux Application Developer- 5375070,"Irving, TX",Software Development Senior Analyst,Mid-Level
Security Account Lead- Healthcare and Public Services Industry,Various locations,Security Consulting Senior Manager,Senior Level
Workday Certified HCM Security Consultant,Various locations,Business Architecture Team Lead/Consultant,Mid-Level
Business Advisory Specialist,"Walnut Creek, CA",Business Advisory Senior Analyst,Mid-Level
^Project Manager - 5432190,"Charlotte, NC",Program and Project Management Senior Analyst,Mid-Level
Full Stack Engineer,Various locations,Custom Software Engineering Team Lead/Consultant,Mid-Level
Industry X- Engineering Digitization & PLM Consultant,Various locations,Engineering Digitization & PLM Team Lead/Consultant,Mid-Level
Topic Advisory Manager Tech Strategy & Advisory,Various locations,Topic Advisory Manager,Senior Level
*Data Management - 5447889,Various locations,"Data Eng, Mgmt & Governance Senior Analyst",Mid-Level
Python - Application Developer with Capital Market Experience,"Irving, TX",Software Development Senior Analyst,Mid-Level
Python - Application Developer- 5333681,"Chicago, IL",Software Development Senior Analyst,Mid-Level
Industry X - Engineering Digitization & PLM Manager,Various locations,Engineering Digitization & PLM Manager,Senior Level
Python + Linux Application Developer- 5375070,"Irving, TX",Software Development Senior Analyst,Mid-Level
Security Account Lead- Healthcare and Public Services Industry,Various locations,Security Consulting Senior Manager,Senior Level
Workday Certified HCM Security Consultant,Various locations,Business Architecture Team Lead/Consultant,Mid-Level
Business Advisory Specialist,"Walnut Creek, CA",Business Advisory Senior Analyst,Mid-Level
^Project Manager - 5432190,"Charlotte, NC",Program and Project Management Senior Analyst,Mid-Level
Full Stack Engineer,Various locations,Custom Software Engineering Team Lead/Consultant,Mid-Level
Industry X- Engineering Digitization & PLM Consultant,Various locations,Engineering Digitization & PLM Team Lead/Consultant,Mid-Level
Topic Advisory Manager Tech Strategy & Advisory,Various locations,Topic Advisory Manager,Senior Level
*Data Management - 5447889,Various locations,"Data Eng, Mgmt & Governance Senior Analyst",Mid-Level
Python - Application Developer with Capital Market Experience,"Irving, TX",Software Development Senior Analyst,Mid-Level
Python - Application Developer- 5333681,"Chicago, IL",Software Development Senior Analyst,Mid-Level
Industry X - Engineering Digitization & PLM Manager,Various locations,Engineering Digitization & PLM Manager,Senior Level
Python + Linux Application Developer- 5375070,"Irving, TX",Software Development Senior Analyst,Mid-Level
Security Account Lead- Healthcare and Public Services Industry,Various locations,Security Consulting Senior Manager,Senior Level
Workday Certified HCM Security Consultant,Various locations,Business Architecture Team Lead/Consultant,Mid-Level
Business Advisory Specialist,"Walnut Creek, CA",Business Advisory Senior Analyst,Mid-Level
^Project Manager - 5432190,"Charlotte, NC",Program and Project Management Senior Analyst,Mid-Level
Full Stack Engineer,Various locations,Custom Software Engineering Team Lead/Consultant,Mid-Level
Industry X- Engineering Digitization & PLM Consultant,Various locations,Engineering Digitization & PLM Team Lead/Consultant,Mid-Level
Topic Advisory Manager Tech Strategy & Advisory,Various locations,Topic Advisory Manager,Senior Level
*Data Management - 5447889,Various locations,"Data Eng, Mgmt & Governance Senior Analyst",Mid-Level
Python - Application Developer with Capital Market Experience,"Irving, TX",Software Development Senior Analyst,Mid-Level
Python - Application Developer- 5333681,"Chicago, IL",Software Development Senior Analyst,Mid-Level
Industry X - Engineering Digitization & PLM Manager,Various locations,Engineering Digitization & PLM Manager,Senior Level
Python + Linux Application Developer- 5375070,"Irving, TX",Software Development Senior Analyst,Mid-Level
Security Account Lead- Healthcare and Public Services Industry,Various locations,Security Consulting Senior Manager,Senior Level
Workday Certified HCM Security Consultant,Various locations,Business Architecture Team Lead/Consultant,Mid-Level
Business Advisory Specialist,"Walnut Creek, CA",Business Advisory Senior Analyst,Mid-Level
^Project Manager - 5432190,"Charlotte, NC",Program and Project Management Senior Analyst,Mid-Level
Full Stack Engineer,Various locations,Custom Software Engineering Team Lead/Consultant,Mid-Level
Industry X- Engineering Digitization & PLM Consultant,Various locations,Engineering Digitization & PLM Team Lead/Consultant,Mid-Level
Topic Advisory Manager Tech Strategy & Advisory,Various locations,Topic Advisory Manager,Senior Level
*Data Management - 5447889,Various locations,"Data Eng, Mgmt & Governance Senior Analyst",Mid-Level
Python - Application Developer with Capital Market Experience,"Irving, TX",Software Development Senior Analyst,Mid-Level
Python - Application Developer- 5333681,"Chicago, IL",Software Development Senior Analyst,Mid-Level
Industry X - Engineering Digitization & PLM Manager,Various locations,Engineering Digitization & PLM Manager,Senior Level
Python + Linux Application Developer- 5375070,"Irving, TX",Software Development Senior Analyst,Mid-Level
Security Account Lead- Healthcare and Public Services Industry,Various locations,Security Consulting Senior Manager,Senior Level
Workday Certified HCM Security Consultant,Various locations,Business Architecture Team Lead/Consultant,Mid-Level
Business Advisory Specialist,"Walnut Creek, CA",Business Advisory Senior Analyst,Mid-Level
^Project Manager - 5432190,"Charlotte, NC",Program and Project Management Senior Analyst,Mid-Level
Full Stack Engineer,Various locations,Custom Software Engineering Team Lead/Consultant,Mid-Level
