Job Title,Company Name,Location,Salary,Experience,Job Description,Ratings
IT Executive,Ametrine Nursing Care,No Location Available,Not Disclosed,No Description Available,No Description Available,No Rating
IT Helpdesk Analyst,Glitz Info Solutions,No Location Available,Not Disclosed,No Description Available,No Description Available,No Rating
No Title Available,No Company Name Available,No Location Available,Not Disclosed,No Description Available,No Description Available,No Rating
No Title Available,No Company Name Available,No Location Available,Not Disclosed,No Description Available,No Description Available,No Rating
No Title Available,No Company Name Available,No Location Available,Not Disclosed,No Description Available,No Description Available,No Rating
No Title Available,No Company Name Available,No Location Available,Not Disclosed,No Description Available,No Description Available,No Rating
No Title Available,No Company Name Available,No Location Available,Not Disclosed,No Description Available,No Description Available,No Rating
No Title Available,No Company Name Available,No Location Available,Not Disclosed,No Description Available,No Description Available,No Rating
No Title Available,No Company Name Available,No Location Available,Not Disclosed,No Description Available,No Description Available,No Rating
No Title Available,No Company Name Available,No Location Available,Not Disclosed,No Description Available,No Description Available,No Rating
No Title Available,No Company Name Available,No Location Available,Not Disclosed,No Description Available,No Description Available,No Rating
No Title Available,No Company Name Available,No Location Available,Not Disclosed,No Description Available,No Description Available,No Rating
No Title Available,No Company Name Available,No Location Available,Not Disclosed,No Description Available,No Description Available,No Rating
No Title Available,No Company Name Available,No Location Available,Not Disclosed,No Description Available,No Description Available,No Rating
No Title Available,No Company Name Available,No Location Available,Not Disclosed,No Description Available,No Description Available,No Rating
No Title Available,No Company Name Available,No Location Available,Not Disclosed,No Description Available,No Description Available,No Rating
No Title Available,No Company Name Available,No Location Available,Not Disclosed,No Description Available,No Description Available,No Rating
No Title Available,No Company Name Available,No Location Available,Not Disclosed,No Description Available,No Description Available,No Rating
No Title Available,No Company Name Available,No Location Available,Not Disclosed,No Description Available,No Description Available,No Rating
No Title Available,No Company Name Available,No Location Available,Not Disclosed,No Description Available,No Description Available,No Rating
No Title Available,No Company Name Available,No Location Available,Not Disclosed,No Description Available,No Description Available,No Rating
No Title Available,No Company Name Available,No Location Available,Not Disclosed,No Description Available,No Description Available,No Rating
No Title Available,No Company Name Available,No Location Available,Not Disclosed,No Description Available,No Description Available,No Rating
No Title Available,No Company Name Available,No Location Available,Not Disclosed,No Description Available,No Description Available,No Rating
No Title Available,No Company Name Available,No Location Available,Not Disclosed,No Description Available,No Description Available,No Rating
No Title Available,No Company Name Available,No Location Available,Not Disclosed,No Description Available,No Description Available,No Rating
No Title Available,No Company Name Available,No Location Available,Not Disclosed,No Description Available,No Description Available,No Rating
No Title Available,No Company Name Available,No Location Available,Not Disclosed,No Description Available,No Description Available,No Rating
No Title Available,No Company Name Available,No Location Available,Not Disclosed,No Description Available,No Description Available,No Rating
No Title Available,No Company Name Available,No Location Available,Not Disclosed,No Description Available,No Description Available,No Rating
No Title Available,No Company Name Available,No Location Available,Not Disclosed,No Description Available,No Description Available,No Rating
